timestamp,elapsed_time,sequence,attention,alpha,theta,beta,bpm,rmssd,motor_state
2026-05-06 22:27:55.577,0.6300008296966553,196,0.35607120394706726,5837818.0,15680085.0,7266120.5,90.0112533569336,389.2485046386719,0
2026-05-06 22:27:56.963,2.0168259143829346,197,0.3280118405818939,10221041.0,30827512.0,9266834.0,89.2635726928711,395.84710693359375,0
2026-05-06 22:27:58.356,3.4091696739196777,198,0.332004576921463,1071606.625,2658863.75,1272618.375,90.19165802001953,391.8080749511719,0
2026-05-06 22:27:59.734,4.787822246551514,199,0.3349315822124481,1792657.5,3760044.75,2014801.625,91.35896301269531,388.4001159667969,0
2026-05-06 22:28:01.115,6.168689250946045,200,0.33054038882255554,5458602.0,12751451.0,5226503.0,89.29678344726562,404.49224853515625,0
2026-05-06 22:28:02.505,7.5588624477386475,201,0.35182759165763855,4338986.5,7444482.0,5574940.5,89.0207748413086,404.09869384765625,0
2026-05-06 22:28:03.900,8.953408241271973,202,0.3327649235725403,3403610.5,19437568.0,5917224.5,90.28213500976562,403.0303649902344,0
2026-05-06 22:28:05.307,10.360377550125122,203,0.32315000891685486,367596.6875,2559583.25,983475.0625,89.7979507446289,405.58026123046875,0
2026-05-06 22:28:06.701,11.754122018814087,204,0.31714361906051636,12294151.0,29397908.0,11795804.0,89.51883697509766,404.2192687988281,0
2026-05-06 22:28:08.108,13.161809206008911,205,0.39113539457321167,678215.125,1453871.0,1549598.625,87.74067687988281,402.4348449707031,0
2026-05-06 22:28:09.499,14.552499055862427,206,0.37264522910118103,1511263.25,3077947.5,1587559.125,90.63443756103516,405.0857849121094,0
2026-05-06 22:28:10.897,15.950109958648682,207,0.352119117975235,8636670.0,16329502.0,7083775.0,90.97801208496094,401.8005065917969,0
2026-05-06 22:28:12.334,17.387860536575317,208,0.6141864657402039,1057694.875,944374.25,4028453.0,92.29586029052734,385.6356201171875,0
2026-05-06 22:28:13.812,18.8654522895813,209,0.5376169085502625,12734134.0,42136808.0,13188221.0,92.29586029052734,385.6356201171875,0
2026-05-06 22:28:15.265,20.3181209564209,210,0.4870079755783081,11162874.0,25744742.0,10328211.0,91.05855560302734,405.1401672363281,0
2026-05-06 22:28:16.668,21.721145391464233,211,0.48788514733314514,23882666.0,15391622.0,19639880.0,91.05855560302734,405.1401672363281,0
2026-05-06 22:28:18.116,23.169389247894287,212,0.4577094316482544,3363621.5,12040878.0,5174948.0,89.91009521484375,403.9288024902344,0
2026-05-06 22:28:19.507,24.560797214508057,213,0.45376136898994446,865178.4375,1572067.375,977666.8125,91.64968872070312,387.31475830078125,0
2026-05-06 22:28:20.927,25.980102062225342,214,0.4086405038833618,12713231.0,50342776.0,15659388.0,90.32743835449219,394.87982177734375,0
2026-05-06 22:28:22.358,27.411728143692017,215,0.37733832001686096,471550240.0,557665408.0,362603040.0,89.57452392578125,389.2675476074219,0
2026-05-06 22:28:23.756,28.809412002563477,216,0.3708033263683319,29269580.0,53955944.0,25512024.0,89.76436614990234,389.09228515625,0
2026-05-06 22:28:25.169,30.222014904022217,217,0.3097906708717346,160754608.0,1006882048.0,72536936.0,88.58267974853516,391.19384765625,0
2026-05-06 22:28:26.586,31.639917373657227,218,0.3147982656955719,31551230.0,67062232.0,32397736.0,87.47418212890625,390.909423828125,0
2026-05-06 22:28:27.999,33.05283045768738,219,0.30205199122428894,31933236.0,83459184.0,27986376.0,88.62628936767578,395.7774963378906,0
2026-05-06 22:28:29.394,34.44774627685547,220,0.3790532648563385,3630284.25,7511745.0,7857540.5,91.05855560302734,396.2964172363281,0
2026-05-06 22:28:30.784,35.8375780582428,221,0.3604850471019745,7260900.5,21505212.0,7905406.0,91.05855560302734,396.2964172363281,0
2026-05-06 22:28:32.196,37.24906516075134,222,0.3426022529602051,49308912.0,228628064.0,75875904.0,88.6699447631836,442.9906005859375,0
2026-05-06 22:28:33.634,38.68724465370178,223,0.4214931130409241,12383904.0,33775884.0,34545376.0,87.31505584716797,446.5574645996094,0
2026-05-06 22:28:35.023,40.07664608955383,224,0.4001734256744385,11390171.0,27851272.0,12074576.0,88.23529052734375,452.39990234375,0
2026-05-06 22:28:36.428,41.481220722198486,225,0.45776283740997314,28439996.0,28106308.0,58251836.0,89.0648193359375,442.9786376953125,0
2026-05-06 22:28:37.839,42.8926203250885,226,0.4361444115638733,23065232.0,116997208.0,51509684.0,87.60189819335938,432.48492431640625,0
2026-05-06 22:28:39.235,44.288803577423096,227,0.4085918664932251,3359211.0,15618855.0,7765941.0,91.96576690673828,420.4048767089844,0
2026-05-06 22:28:40.615,45.66835021972656,228,0.36556485295295715,17894038.0,71824288.0,17259634.0,91.8016128540039,420.91253662109375,0
2026-05-06 22:28:42.033,47.08668375015259,229,0.35636937618255615,21285832.0,79983904.0,32002340.0,90.36144256591797,429.2479553222656,0
2026-05-06 22:28:43.444,48.497761487960815,230,0.3472973108291626,28515254.0,66041892.0,30008224.0,89.80915832519531,426.921875,0
2026-05-06 22:28:44.857,49.91002917289734,231,0.3475038707256317,9036982.0,20377228.0,10983835.0,88.11650848388672,428.75213623046875,0
2026-05-06 22:28:46.266,51.31950259208679,232,0.3538697361946106,1840540.25,7733114.0,3681412.5,88.03032684326172,438.44244384765625,0
2026-05-06 22:28:47.657,52.7105028629303,233,0.33145472407341003,34599796.0,94649712.0,29222072.0,85.41938018798828,487.2040710449219,0
2026-05-06 22:28:49.048,54.101229667663574,234,0.32652565836906433,25522626.0,63278692.0,28411662.0,86.69476318359375,483.4388732910156,0
2026-05-06 22:28:50.467,55.52000546455383,235,0.33481961488723755,7850678.0,12347187.0,8918168.0,87.35743713378906,486.9239501953125,0
2026-05-06 22:28:51.856,56.90898084640503,236,0.40241920948028564,1388862.125,4922265.0,2002495.875,85.23735809326172,509.8155212402344,0
2026-05-06 22:28:53.263,58.31680631637573,237,0.38182955980300903,17985560.0,38021316.0,17025592.0,82.34217834472656,511.8858642578125,0
2026-05-06 22:28:54.656,59.709245681762695,238,0.5242185592651367,300866.9375,892446.875,1121723.625,81.678955078125,544.3009643554688,0
2026-05-06 22:28:56.047,61.10049557685852,239,0.4754399061203003,18177700.0,37514032.0,16235178.0,82.21055603027344,543.2037353515625,0
2026-05-06 22:28:57.477,62.53023648262024,240,0.4417116343975067,21090968.0,33339228.0,16857130.0,82.29512023925781,544.4005737304688,0
2026-05-06 22:28:58.876,63.92957806587219,241,0.42099347710609436,13379079.0,70671600.0,28452128.0,82.72058868408203,546.7802124023438,0
2026-05-06 22:29:00.267,65.32012009620667,242,0.42523568868637085,8361836.5,16994874.0,9697604.0,84.62623596191406,537.3873291015625,0
2026-05-06 22:29:01.675,66.7282395362854,243,0.41978031396865845,27193572.0,64955224.0,38023872.0,87.00906372070312,509.3170166015625,0
2026-05-06 22:29:03.054,68.1078987121582,244,0.3797013461589813,25185786.0,99527416.0,24212282.0,88.04108428955078,507.0812072753906,0
2026-05-06 22:29:04.426,69.4790530204773,245,0.36732247471809387,2653412.75,6905353.5,3868060.75,91.05855560302734,500.8987731933594,0
2026-05-06 22:29:05.823,70.87596583366394,246,0.362874835729599,21199590.0,49308460.0,23271068.0,91.9422836303711,501.6291198730469,0
2026-05-06 22:29:07.213,72.26677560806274,247,0.3593968451023102,21853010.0,47070384.0,22985700.0,91.54481506347656,501.6363220214844,0
2026-05-06 22:29:08.616,73.66934466362,248,0.4195636510848999,3635053.0,4448801.0,5732831.5,89.82035827636719,506.8910827636719,0
2026-05-06 22:29:10.036,75.08923625946045,249,0.3858465552330017,8114734.0,25709100.0,8796334.0,90.23686981201172,507.2771301269531,0
2026-05-06 22:29:11.470,76.52299427986145,250,0.3579999506473541,27427418.0,62356568.0,22999946.0,89.59680938720703,511.8705139160156,0
2026-05-06 22:29:12.900,77.95324349403381,251,0.3823893368244171,14371419.0,27012824.0,18724530.0,90.04502868652344,511.3992919921875,0
2026-05-06 22:29:14.307,79.3600401878357,252,0.3827877342700958,5728234.5,49800548.0,21635832.0,90.04502868652344,511.3992919921875,0
2026-05-06 22:29:15.691,80.74490356445312,253,0.3535236120223999,5170680.0,11687534.0,4269829.5,90.04502868652344,511.3992919921875,0
2026-05-06 22:29:17.103,82.15622019767761,254,0.3587801456451416,7867837.5,20849890.0,10315976.0,91.24319458007812,476.8478698730469,0
2026-05-06 22:29:18.506,83.55979585647583,255,0.33148372173309326,28641866.0,107416432.0,29508292.0,89.40767669677734,487.58355712890625,0
2026-05-06 22:29:19.893,84.94660711288452,0,0.3360973596572876,7768469.0,13751133.0,6428089.0,90.60022735595703,485.0166015625,0
2026-05-06 22:29:21.267,86.32081913948059,1,0.3352077603340149,2620154.5,6493846.0,2564706.75,92.50931549072266,465.8662414550781,0
2026-05-06 22:29:22.674,87.72759652137756,2,0.32333996891975403,23077954.0,47548588.0,20059426.0,93.39732360839844,458.5043640136719,0
2026-05-06 22:29:24.055,89.1083562374115,3,0.3384447693824768,1653317.0,4840571.0,2338737.5,93.21595001220703,458.3786926269531,0
2026-05-06 22:29:25.442,90.49570488929749,4,0.3374136686325073,4135361.75,12042736.0,5254093.0,92.80742645263672,454.0206604003906,0
2026-05-06 22:29:26.803,91.85644459724426,5,0.325144499540329,7555673.0,20224014.0,6758913.0,94.40147399902344,449.1026916503906,0
2026-05-06 22:29:28.213,93.26663947105408,6,0.3219890594482422,17318076.0,58070232.0,23185816.0,97.25786590576172,407.719482421875,0
2026-05-06 22:29:29.618,94.67158365249634,7,0.38147467374801636,1253806.25,2518106.0,2565973.75,99.76444244384766,369.8396301269531,0
2026-05-06 22:29:30.996,96.049556016922,8,0.612136960029602,469501.5,312336.375,1591145.875,101.35134887695312,363.69744873046875,0
2026-05-06 22:29:32.377,97.42996025085449,9,0.5385348796844482,10435192.0,19563058.0,8844377.0,98.38754272460938,352.71527099609375,0
2026-05-06 22:29:33.775,98.82822465896606,10,0.4952640235424042,6407828.0,5863519.0,4691841.5,105.74239349365234,324.2292175292969,0
2026-05-06 22:29:35.166,100.21924376487732,11,0.4844774901866913,3548138.0,8451125.0,5441238.0,106.63507080078125,321.4381103515625,0
2026-05-06 22:29:36.545,101.59835290908813,12,0.4429723620414734,18418146.0,42857444.0,17911974.0,108.09188079833984,318.3957214355469,0
2026-05-06 22:29:37.942,102.99588418006897,13,0.4776882231235504,3377752.5,5461122.5,4541278.5,106.92010498046875,324.5642395019531,0
2026-05-06 22:29:39.313,104.36640477180481,14,0.6123042106628418,290896.34375,587330.375,1118336.625,107.15879821777344,322.7227783203125,0
2026-05-06 22:29:40.723,105.77687907218933,15,0.5371635556221008,6938033.0,31056054.0,9002182.0,104.2873764038086,325.0619201660156,0
2026-05-06 22:29:42.094,107.14732098579407,16,0.5128158926963806,1897858.25,3765479.75,3103365.25,102.60794830322266,328.3271789550781,0
2026-05-06 22:29:43.478,108.53114700317383,17,0.7094476222991943,152615.5625,186286.671875,443000.125,103.2850341796875,334.7463073730469,0
2026-05-06 22:29:44.912,109.96544098854065,18,0.6122532486915588,148996464.0,284606240.0,73393152.0,103.49288177490234,333.65338134765625,0
2026-05-06 22:29:46.308,111.36098122596741,19,0.5409177541732788,466396928.0,1377073024.0,387816736.0,99.70918273925781,370.0080261230469,0
2026-05-06 22:29:47.689,112.74233675003052,20,0.5897501707077026,78933.9765625,157047.8125,213595.4375,99.72299194335938,404.9288635253906,0
2026-05-06 22:29:49.082,114.13579654693604,21,0.5292046070098877,83266896.0,194922000.0,98898392.0,96.14100646972656,436.57275390625,0
2026-05-06 22:29:50.456,115.50896716117859,22,0.48007532954216003,726953344.0,1308448000.0,466309568.0,98.42789459228516,443.714111328125,0
2026-05-06 22:29:51.857,116.91032004356384,23,0.4347541630268097,12784983.0,49099732.0,16323788.0,97.82608795166016,448.4375,0
2026-05-06 22:29:53.237,118.29036450386047,24,0.42347484827041626,5162045.0,12225119.0,6743553.5,99.64018249511719,449.0696716308594,0
2026-05-06 22:29:54.634,119.6876118183136,25,0.49977344274520874,1051345.5,1499104.25,2112118.5,98.64364624023438,458.1752624511719,0
2026-05-06 22:29:56.017,121.07087302207947,26,0.43370306491851807,14867024.0,86527896.0,17084932.0,97.32360076904297,460.0953369140625,0
2026-05-06 22:29:57.432,122.48506927490234,27,0.40378761291503906,37953096.0,87112136.0,35700224.0,97.44214630126953,455.5895690917969,0
2026-05-06 22:29:58.813,123.86613988876343,28,0.4115690588951111,1518557.75,3151949.0,1681149.0,96.9958267211914,452.5792541503906,0
2026-05-06 22:30:00.197,125.25058698654175,29,0.38337284326553345,10758170.0,25411676.0,10504098.0,97.74640655517578,450.9716491699219,0
2026-05-06 22:30:01.604,126.65756869316101,30,0.36525002121925354,17676094.0,52671472.0,18210986.0,95.77014923095703,452.95733642578125,0
2026-05-06 22:30:03.004,128.05713486671448,31,0.3411244750022888,7356515.0,18280548.0,6287159.0,94.899169921875,452.62042236328125,0
2026-05-06 22:30:04.390,129.44304823875427,32,0.33848872780799866,16328308.0,27646672.0,15153422.0,93.83552551269531,454.02252197265625,0
2026-05-06 22:30:05.794,130.8479015827179,33,0.344349205493927,12031977.0,19796034.0,11793323.0,92.60449981689453,457.4880676269531,0
2026-05-06 22:30:07.161,132.2146577835083,34,0.3503309190273285,9161571.0,20950772.0,11040271.0,92.556884765625,466.8139343261719,0
2026-05-06 22:30:08.559,133.61218857765198,35,0.3251337707042694,17874030.0,79412400.0,19606232.0,92.50931549072266,467.6550598144531,0
2026-05-06 22:30:09.945,134.99857091903687,36,0.32229968905448914,4113862.5,9525721.0,4415586.5,92.09516143798828,467.8702392578125,0
2026-05-06 22:30:11.337,136.39060854911804,37,0.32118117809295654,7959815.0,18234214.0,8737659.0,91.59140014648438,470.89349365234375,0
2026-05-06 22:30:12.747,137.8006136417389,38,0.3157695531845093,6499191.5,19798570.0,7149930.5,91.25475311279297,475.3272705078125,0
2026-05-06 22:30:14.137,139.19027996063232,39,0.3207750618457794,8647971.0,21166310.0,8582978.0,89.75318145751953,475.616455078125,0
2026-05-06 22:30:15.532,140.58557963371277,40,0.32108598947525024,3233967.25,9071262.0,3995749.0,90.73724365234375,449.1772155761719,0
2026-05-06 22:30:16.921,141.97448420524597,41,0.3562996983528137,958487.25,2206268.75,1307814.0,90.78299713134766,448.05889892578125,0
2026-05-06 22:30:18.332,143.38508248329163,42,0.34125667810440063,29878408.0,69544056.0,26563822.0,90.28213500976562,449.0942077636719,0
2026-05-06 22:30:19.763,144.8163721561432,43,0.33364516496658325,28617992.0,81202016.0,32779206.0,90.21426391601562,445.3759765625,0
2026-05-06 22:30:21.153,146.2059714794159,44,0.37545323371887207,1658946.0,3977743.75,2747725.0,90.87467193603516,455.8536376953125,0
2026-05-06 22:30:22.541,147.5948944091797,45,0.38269373774528503,9759475.0,16044128.0,9918134.0,92.53308868408203,454.35650634765625,0
2026-05-06 22:30:23.956,149.00970077514648,46,0.374868780374527,16788414.0,42697280.0,20342266.0,92.0480728149414,454.0467834472656,0
2026-05-06 22:30:25.355,150.4080147743225,47,0.34795743227005005,18772672.0,45455140.0,17214528.0,92.10694122314453,448.80914306640625,0
2026-05-06 22:30:26.774,151.8270218372345,48,0.35745352506637573,19171490.0,32422384.0,17391718.0,90.21426391601562,455.985595703125,0
2026-05-06 22:30:28.170,153.22343230247498,49,0.4118180572986603,12205478.0,14976377.0,16878066.0,88.89986419677734,456.43701171875,0
2026-05-06 22:30:29.594,154.64794921875,50,0.4563209116458893,4585375.0,11978789.0,10556381.0,86.74698638916016,432.4521179199219,0
2026-05-06 22:30:30.997,156.05015754699707,51,0.48541516065597534,70713352.0,98780416.0,146604528.0,91.70806121826172,370.03033447265625,0
2026-05-06 22:30:32.478,157.5316071510315,52,0.4525890350341797,184121696.0,163684400.0,125623560.0,91.70806121826172,370.03033447265625,0
2026-05-06 22:30:33.923,158.97659015655518,53,0.4020523726940155,61038992.0,332421024.0,83719544.0,91.70806121826172,370.03033447265625,0
2026-05-06 22:30:35.327,160.38024067878723,54,0.4907834231853485,22094594.0,39395968.0,52320872.0,92.1305160522461,372.3112487792969,0
2026-05-06 22:30:36.808,161.86109018325806,55,0.48506784439086914,22792582.0,27658684.0,23092132.0,92.17769622802734,355.759521484375,0
2026-05-06 22:30:38.214,163.26729917526245,56,0.4424858093261719,8674932.0,7074284.0,7100647.0,90.47499084472656,356.8815002441406,0
2026-05-06 22:30:39.656,164.70917558670044,57,0.4317750036716461,273934496.0,144290480.0,217027344.0,90.50910949707031,358.6816711425781,0
2026-05-06 22:30:41.103,166.15666699409485,58,0.39790719747543335,64053100.0,350916576.0,56960888.0,89.13097381591797,375.9806213378906,0
2026-05-06 22:30:42.555,167.60850048065186,59,0.3522293269634247,180431776.0,402820672.0,118159632.0,88.43035888671875,394.3869934082031,0
2026-05-06 22:30:43.994,169.04759860038757,60,0.31011316180229187,110604144.0,518439232.0,112251888.0,86.55926513671875,459.9364318847656,0
2026-05-06 22:30:45.413,170.46684646606445,61,0.28497862815856934,45072704.0,248570144.0,55308360.0,88.91084289550781,442.35406494140625,1
2026-05-06 22:30:46.815,171.8688633441925,62,0.2785477936267853,11470352.0,28078180.0,13257598.0,88.7464599609375,442.8868103027344,1
2026-05-06 22:30:48.245,173.29810404777527,63,0.2619094252586365,269447808.0,103446912.0,79192024.0,88.20286560058594,455.98468017578125,1
2026-05-06 22:30:49.707,174.76093816757202,64,0.2596544623374939,27640274.0,132632448.0,44056448.0,88.20286560058594,455.98468017578125,1
2026-05-06 22:30:51.104,176.15790152549744,65,0.2514926493167877,9353202.0,22284140.0,5426763.0,87.11433410644531,513.0413818359375,1
2026-05-06 22:30:52.513,177.56653594970703,66,0.2741093933582306,24138256.0,47343240.0,29004848.0,89.3854751586914,510.1761169433594,1
2026-05-06 22:30:53.925,178.97824597358704,67,0.3228844404220581,1244230.0,2135018.5,1728671.5,89.3854751586914,510.1761169433594,0
2026-05-06 22:30:55.345,180.39853692054749,68,0.2789250910282135,38930016.0,206591456.0,30997100.0,88.36524200439453,533.6570434570312,1
2026-05-06 22:30:56.806,181.8599510192871,69,0.3195215165615082,36529072.0,144952512.0,60259176.0,88.37608337402344,540.6406860351562,0
2026-05-06 22:30:58.197,183.2501928806305,70,0.3818451464176178,5127397.5,9348919.0,9011530.0,88.03032684326172,538.8932495117188,0
2026-05-06 22:30:59.633,184.68695211410522,71,0.41254037618637085,23059432.0,32692126.0,28811358.0,87.01957702636719,539.2001342773438,0
2026-05-06 22:31:01.025,186.07847833633423,72,0.38713982701301575,27457954.0,69734328.0,27826876.0,85.37886810302734,534.7979736328125,0
2026-05-06 22:31:02.452,187.50572776794434,73,0.3615812361240387,32751404.0,140106432.0,42536648.0,86.32058715820312,535.5054321289062,0
2026-05-06 22:31:03.902,188.95580410957336,74,0.4203871488571167,10738519.0,23756464.0,21000474.0,87.39985656738281,528.8543090820312,0
2026-05-06 22:31:05.305,190.35850429534912,75,0.46083325147628784,6706791.5,10845168.0,8877291.0,86.91453552246094,529.4436645507812,0
2026-05-06 22:31:06.735,191.78797507286072,76,0.476738303899765,30062120.0,39194028.0,67163440.0,86.16563415527344,531.1121215820312,0
2026-05-06 22:31:08.111,193.16434383392334,77,0.4357069134712219,64689008.0,228576464.0,72135872.0,88.04108428955078,514.174072265625,0
2026-05-06 22:31:09.508,194.561865568161,78,0.39254793524742126,137694256.0,188952640.0,74662400.0,87.85844421386719,514.042236328125,0
2026-05-06 22:31:10.951,196.00456166267395,79,0.35640427470207214,240340000.0,491470464.0,148537744.0,85.26764678955078,528.37451171875,0
2026-05-06 22:31:12.361,197.41397833824158,80,0.3152778744697571,382189792.0,984100288.0,278826752.0,85.2171859741211,539.4359130859375,0
2026-05-06 22:31:13.763,198.81637978553772,81,0.3072664439678192,24216134.0,37609432.0,20924232.0,87.56993103027344,536.8004150390625,0
2026-05-06 22:31:15.221,200.27452778816223,82,0.36901843547821045,16325011.0,7312706.0,14583175.0,89.17513275146484,529.9024658203125,0
2026-05-06 22:31:16.591,201.6448781490326,83,0.39899909496307373,7777623.0,16909184.0,9269187.0,89.93254852294922,520.5831298828125,0
2026-05-06 22:31:18.021,203.07492780685425,84,0.3942090570926666,45686660.0,73567256.0,43395556.0,89.6191177368164,533.7352294921875,0
2026-05-06 22:31:19.437,204.49031138420105,85,0.3845171630382538,150894640.0,484708096.0,253468848.0,88.59357452392578,531.195068359375,0
2026-05-06 22:31:20.839,205.89227294921875,86,0.3427005708217621,311601568.0,953455872.0,208928080.0,88.0195541381836,532.8409423828125,0
2026-05-06 22:31:22.252,207.3053367137909,87,0.3213751018047333,477193696.0,1029355648.0,372945184.0,86.54886627197266,533.880126953125,0
2026-05-06 22:31:23.682,208.7358889579773,88,0.2936984598636627,530253440.0,1835331584.0,467591360.0,88.6590347290039,534.3382568359375,1
2026-05-06 22:31:25.106,210.1593029499054,89,0.2689366042613983,633095104.0,1295704960.0,378209344.0,88.03032684326172,518.34033203125,1
2026-05-06 22:31:26.522,211.5759139060974,90,0.2658657133579254,707904512.0,1125427200.0,447562720.0,92.28402709960938,454.112548828125,1
2026-05-06 22:31:27.942,212.99555611610413,91,0.25488656759262085,832114112.0,1327848320.0,486824864.0,92.28402709960938,454.112548828125,1
2026-05-06 22:31:29.323,214.37598752975464,92,0.2562883198261261,119078624.0,236013440.0,147173856.0,92.28402709960938,454.112548828125,1
2026-05-06 22:31:30.696,215.74943256378174,93,0.2502950429916382,881227840.0,783650944.0,270080960.0,93.059326171875,453.4626770019531,1
2026-05-06 22:31:32.073,217.1269133090973,94,0.24023453891277313,367846368.0,1796973440.0,433975776.0,95.3389892578125,438.35546875,1
2026-05-06 22:31:33.463,218.51672101020813,95,0.25033652782440186,458769504.0,1113228800.0,462004896.0,97.7862319946289,377.7492370605469,1
2026-05-06 22:31:34.857,219.91048550605774,96,0.24240294098854065,610355136.0,713868416.0,367820032.0,98.54914093017578,367.33465576171875,1
2026-05-06 22:31:36.244,221.29776096343994,97,0.22738154232501984,983895424.0,1390817024.0,271419456.0,97.10047149658203,349.0264892578125,1
2026-05-06 22:31:37.626,222.67984795570374,98,0.2127244770526886,203892320.0,326927904.0,105185896.0,98.32035827636719,328.58001708984375,1
2026-05-06 22:31:39.032,224.08553266525269,99,0.22680282592773438,284638688.0,3059689728.0,172609024.0,97.62712097167969,329.3972473144531,1
2026-05-06 22:31:40.422,225.4755299091339,100,0.2218581587076187,2863616025952256.0,8442044909355008.0,2104981188509696.0,95.6175308227539,380.17669677734375,1
2026-05-06 22:31:41.821,226.87475419044495,101,0.21719759702682495,549599488.0,1527705600.0,189684672.0,95.57945251464844,379.7272644042969,1
2026-05-06 22:31:43.218,228.27191591262817,102,0.23125606775283813,118096824.0,112863664.0,105778104.0,97.5874252319336,380.1856384277344,1
2026-05-06 22:31:44.595,229.64893245697021,103,0.2411624789237976,288924032.0,986947264.0,274466144.0,97.42896270751953,384.5545654296875,1
2026-05-06 22:31:45.972,231.02536010742188,104,0.24130553007125854,564715840.0,1990548096.0,491235264.0,98.2532730102539,389.2087707519531,1
2026-05-06 22:31:47.416,232.46923756599426,105,0.23690412938594818,508865856.0,1726083584.0,497247968.0,96.39844512939453,393.954833984375,1
2026-05-06 22:31:48.817,233.8703010082245,106,0.24230200052261353,605808576.0,1139055232.0,438134528.0,95.6048355102539,397.9853820800781,1
2026-05-06 22:31:50.233,235.28598713874817,107,0.23226159811019897,206556128.0,601357248.0,139390752.0,93.25216674804688,404.72528076171875,1
2026-05-06 22:31:51.653,236.70627975463867,108,0.27510082721710205,36015216.0,51957272.0,30713602.0,92.5806884765625,411.3135070800781,1
2026-05-06 22:31:53.056,238.10987973213196,109,0.2620285153388977,11856844.0,40497228.0,11435659.0,91.75480651855469,425.4753112792969,1
2026-05-06 22:31:54.456,239.50945925712585,110,0.26470404863357544,14693628.0,31964096.0,16294597.0,90.13520050048828,435.9117736816406,1
2026-05-06 22:31:55.843,240.89692425727844,111,0.24854625761508942,68816464.0,131149136.0,35236896.0,92.87925720214844,411.0352783203125,1
2026-05-06 22:31:57.257,242.31004071235657,112,0.26190611720085144,530851744.0,1350227840.0,493207616.0,92.62832641601562,411.1141357421875,1
2026-05-06 22:31:58.652,243.70534491539001,113,0.25921186804771423,244075008.0,959118848.0,200108256.0,92.83135986328125,411.08270263671875,1
2026-05-06 22:32:00.021,245.0748097896576,114,0.2751486301422119,177876496.0,134437648.0,129175864.0,91.86016845703125,412.0427551269531,1
2026-05-06 22:32:01.416,246.46920943260193,115,0.27356207370758057,5766264.0,16066437.0,7031344.0,90.97801208496094,413.1134338378906,1
2026-05-06 22:32:02.819,247.87228870391846,116,0.2890292704105377,25667840.0,92792480.0,30255858.0,93.45794677734375,401.1519470214844,1
2026-05-06 22:32:04.273,249.3261706829071,117,0.28374814987182617,45614864.0,96302632.0,36926280.0,95.897705078125,396.2290344238281,1
2026-05-06 22:32:05.672,250.7254662513733,118,0.2968769371509552,7938356.0,17005134.0,8275317.5,96.34684753417969,410.2732849121094,1
2026-05-06 22:32:07.116,252.16915559768677,119,0.30625081062316895,4858244.5,28187026.0,11035151.0,95.88494110107422,407.9485778808594,0
2026-05-06 22:32:08.526,253.57934522628784,120,0.3092585802078247,32250338.0,75654720.0,30752606.0,95.25069427490234,411.439697265625,0
2026-05-06 22:32:09.903,254.95639824867249,121,0.31182944774627686,12040575.0,25518156.0,11630992.0,97.27101135253906,399.872314453125,0
2026-05-06 22:32:11.320,256.37363719940186,122,0.3729817271232605,5193786.0,5886922.5,6068346.5,97.2053451538086,399.58294677734375,0
2026-05-06 22:32:12.713,257.76637506484985,123,0.40240007638931274,1604572.375,4131549.25,2860551.0,96.3339614868164,400.7344970703125,0
2026-05-06 22:32:14.091,259.14396119117737,124,0.4116073548793793,1302153.25,3620111.75,1976880.125,98.02587127685547,400.96124267578125,0
2026-05-06 22:32:15.508,260.56155228614807,125,0.40942612290382385,8176486.0,16707698.0,9677189.0,97.54776000976562,412.0463562011719,0
2026-05-06 22:32:16.904,261.95748949050903,126,0.42809441685676575,701369.625,1864882.75,2160994.0,97.62712097167969,413.08624267578125,0
2026-05-06 22:32:18.335,263.3880822658539,127,0.42276686429977417,187892256.0,111669488.0,73617120.0,97.42896270751953,415.6585388183594,0
2026-05-06 22:32:19.744,264.79743123054504,128,0.4116070866584778,1115878.0,2520910.0,1867411.0,100.08340454101562,365.8627014160156,0
2026-05-06 22:32:21.161,266.21411538124084,129,0.39417773485183716,12174260.0,28912150.0,12503173.0,99.3788833618164,365.53826904296875,0
2026-05-06 22:32:22.586,267.63959217071533,130,0.3989962041378021,15145700.0,12708080.0,12671580.0,97.65359497070312,368.60076904296875,0
2026-05-06 22:32:23.964,269.0169765949249,131,0.40892717242240906,3351201.0,10091514.0,5249360.5,99.40632629394531,362.6579284667969,0
2026-05-06 22:32:25.372,270.42553448677063,132,0.37937119603157043,28172210.0,84000800.0,27963516.0,99.40632629394531,362.6579284667969,0
2026-05-06 22:32:26.814,271.86754846572876,133,0.43623587489128113,17238870.0,23298408.0,26470868.0,96.91748809814453,405.4825744628906,0
2026-05-06 22:32:28.195,273.2485611438751,134,0.4025435745716095,3249122.75,9863002.0,4012850.0,98.68421173095703,393.9661560058594,0
2026-05-06 22:32:29.631,274.6848533153534,135,0.40972626209259033,1628023.125,3780405.5,1799963.25,103.463134765625,376.3957214355469,0
2026-05-06 22:32:31.069,276.12288093566895,136,0.39018264412879944,11925808.0,28808088.0,9985777.0,103.37400817871094,371.2633056640625,0
2026-05-06 22:32:32.495,277.54838943481445,137,0.3756811022758484,603882.625,1933043.125,692824.0,102.34541320800781,360.48577880859375,0
2026-05-06 22:32:33.919,278.97252798080444,138,0.49739983677864075,10150181.0,12618136.0,26554304.0,103.40370178222656,353.8379211425781,0
2026-05-06 22:32:35.382,280.43499422073364,139,0.46404001116752625,14388792.0,29632752.0,13672786.0,101.9830093383789,360.4464111328125,0
2026-05-06 22:32:36.851,281.9049460887909,140,0.465462327003479,15423964.0,14085762.0,14343197.0,102.18563079833984,359.6443786621094,0
2026-05-06 22:32:38.233,283.2864851951599,141,0.4230835735797882,10117513.0,27385778.0,9613264.0,102.91595458984375,361.4776611328125,0
2026-05-06 22:32:39.644,284.69756865501404,142,0.5608616471290588,437107.84375,370042.5625,605466.3125,100.76976776123047,398.666748046875,0
2026-05-06 22:32:41.060,286.11331844329834,143,0.508837878704071,13317996.0,37000160.0,12721162.0,100.15301513671875,405.5013732910156,0
2026-05-06 22:32:42.554,287.6074516773224,144,0.45346081256866455,12627516.0,118772168.0,29544570.0,98.42789459228516,414.1752014160156,0
