time_s,raw_eeg1,wavelet_eeg1
15.007649898529053,-27.51631399999998,-4.911281924954588
15.007649898529053,-16.195636999999977,-4.796829202462639
15.023024082183838,-6.475636999999978,-4.681204600024816
15.023024082183838,-23.189249999999987,-4.564584628995413
15.02375602722168,-27.92022399999999,-4.447215579256551
15.02375602722168,-11.371165999999988,-4.329318233856455
15.037172079086304,-2.63476,-4.211148877632931
15.037172079086304,-13.33835399999998,-4.092848488475278
15.052956104278564,-18.11794599999999,-3.9745151651260775
15.052956104278564,-7.859399999999994,-3.856348488083676
15.053617000579834,-5.62294,-3.738535690631545
15.053617000579834,-3.300461999999982,-3.621210937326922
15.067337989807127,-18.25258199999999,-3.504519699671354
15.067337989807127,1.4192920000000129,-3.3885226963577626
15.082942962646484,-1.1350599999999815,-3.273267981668872
15.082942962646484,-7.358253999999988,-3.1589471741410957
15.0835599899292,-8.147372999999988,-3.0457501608926747
15.0835599899292,-2.410365999999982,-2.933860175196539
15.097960948944092,-5.043255999999985,-2.823455110421704
15.097960948944092,6.011889000000025,-2.714522514698485
15.099005937576294,-12.128495999999984,-2.6069797908523427
15.112163066864014,1.6231160000000102,-2.500809574834709
15.112163066864014,3.889495000000011,-2.395966181501352
15.127936124801636,-1.8849099999999908,-2.2923928397635347
15.127936124801636,-5.841723999999999,-2.190056870794498
15.12867307662964,1.23042700000002,-2.088845598248191
15.12867307662964,-6.567264999999992,-1.988644441273652
15.142117023468018,-2.5094729999999856,-1.8894863605355627
15.142117023468018,-3.0629789999999844,-1.791431202044402
15.157891988754272,-2.5356529999999964,-1.694527035409091
15.157891988754272,3.489326000000005,-1.598837121069539
15.158621072769163,4.356983000000014,-1.5043392182171875
15.158621072769163,4.3869020000000205,-1.410979466583956
15.172312021255491,5.291958000000022,-1.318762467174687
15.172312021255491,3.751119000000017,-1.2276827126732903
15.18791389465332,0.0448780000000113,-1.137706318574603
15.18791389465332,-6.51864599999999,-1.048808987052212
15.188770055770874,10.722293000000008,-0.9609154168796856
15.188770055770874,6.013759000000022,-0.873944343918573
15.202358961105348,5.606110000000001,-0.7879092962973909
15.202358961105348,0.6395219999999995,-0.702829059841318
15.217911005020142,1.5071790000000078,-0.6187146402318655
15.217911005020142,-0.3029319999999984,-0.5355836342296296
15.218667030334473,6.38400900000002,-0.4533518695271544
15.218667030334473,1.5857170000000167,-0.3718962697463442
15.232263088226318,-4.38690299999999,-0.2911655076587482
15.232263088226318,7.674274000000025,-0.2111004329013786
15.247920036315918,6.0548980000000086,-0.1316044166434648
15.247920036315918,-7.666794999999979,-0.0526066807612084
15.248804092407228,5.299438000000009,0.0260101037990271
15.248804092407228,16.156367000000017,0.1043542426072879
15.26230502128601,4.394382000000007,0.1823687175288243
15.26230502128601,-12.068658,0.2599510479116522
15.277878999710085,1.873689000000013,0.337014977763273
15.277878999710085,9.252512000000024,0.4134498543987175
15.278571128845217,7.117029000000002,0.4892011460135511
15.278571128845217,-6.144655999999998,0.5642376816197232
15.292273998260498,-2.677768999999984,0.6384649320233704
15.292273998260498,3.4930660000000278,0.7117914774523817
15.30882692337036,1.5595380000000034,0.7841725158452248
15.30882692337036,-8.635428999999988,0.8555612578783925
15.30883812904358,10.108949000000024,0.9259420863275704
15.30883812904358,-0.8938369999999907,0.995305818107031
15.338658094406128,-5.935221999999982,1.0635679145256889
15.338658094406128,-13.744132999999977,1.1306366906675105
15.33928608894348,10.610096000000029,1.1964328265443094
15.33928608894348,19.12958800000001,1.2608760228927125
15.340065956115724,3.0629780000000157,1.323953330124168
15.340065956115724,-19.87756899999998,1.3856795913029534
15.352144002914429,10.957906000000008,1.4460354331133436
15.352144002914429,9.787318000000027,1.5050102283081026
15.367897987365724,2.999399000000011,1.562613002278717
15.367897987365724,-11.365555999999998,1.6188444989187596
15.368530988693236,0.6208230000000015,1.6737318242890025
15.368530988693236,9.701300000000003,1.727303843070076
15.382189989089966,9.409588000000014,1.7795195849789602
15.382189989089966,-6.559784999999977,1.830320637414112
15.39791202545166,0.5946440000000166,1.8796671666131533
15.39791202545166,11.103763000000017,1.9275130525033368
15.398777961730955,8.205340000000007,1.9738297316976627
15.398777961730955,0.2094340000000158,2.0186036310263757
15.41227912902832,6.757999000000012,2.061796598425917
15.41227912902832,13.717953000000024,2.103374763421772
15.427829027175903,1.776452000000006,2.143346805290524
15.427829027175903,-10.108949999999991,2.181730777570348
15.4286630153656,8.598030000000023,2.2185491123289114
15.4286630153656,20.330096000000022,2.253831547142866
15.44226098060608,14.230319000000009,2.287583879950205
15.44226098060608,-6.140915999999976,2.3198062877098944
15.4578959941864,-0.5871649999999988,2.350515203182322
15.4578959941864,11.402954000000022,2.379726636633399
15.45878791809082,2.131743,2.4074569370052146
15.45878791809082,-5.348056999999983,2.4337273034852114
15.472224950790403,-0.5609849999999881,2.458547530850389
15.472224950790403,13.246725000000026,2.481927515107915
15.487930059432983,15.083016000000017,2.5038962318302147
15.487930059432983,-13.904948999999988,2.524483209946281
15.488672018051147,-4.020392999999984,2.543719146937088
15.488672018051147,-6.417668999999989,2.56163523201086
15.518549919128418,5.916521000000017,2.5782387855809588
15.518549919128418,3.220053000000007,2.593528807755712
15.51928210258484,8.811204000000004,2.607513810140313
15.51928210258484,17.947779000000025,2.6201996860913552
15.51996612548828,-2.445894999999979,2.631590515482926
15.51996612548828,4.229826000000003,2.641693916779115
15.53228211402893,11.350596000000024,2.6505096306478504
15.53228211402893,9.061777000000006,2.658037417164483
15.547847986221312,16.21994600000002,2.664296106974813
15.547847986221312,-2.76378699999998,2.669309801028547
15.54854702949524,5.916521000000017,2.6730979253096208
15.54854702949524,7.019792000000024,2.6756820105765238
15.562274932861328,-0.1533359999999959,2.677080892274399
15.562274932861328,-1.4772609999999986,2.6773100695322944
15.577903032302856,2.5356520000000278,2.676391041140674
15.577903032302856,7.363863000000009,2.674345100713972
15.57856011390686,7.876229000000023,2.671181558679709
15.57856011390686,-5.781885999999986,2.666906450325105
15.608554124832152,4.409342000000009,2.661529054039527
15.608554124832152,12.872735000000006,2.65505701557533
15.609318971633911,1.813851,2.647499281497432
15.609318971633911,-2.8797229999999843,2.638867327461898
15.610115051269531,6.623362000000014,2.629167065763106
15.610115051269531,11.462793000000003,2.618404768379831
15.622262954711914,5.370496000000003,2.606597837581813
15.622262954711914,6.492466000000007,2.5937658183577548
15.638094902038574,10.677414000000027,2.579927472994799
15.638094902038574,19.27918400000001,2.565103255034081
15.638705015182495,16.96044600000002,2.549307018083711
15.638705015182495,0.3066710000000228,2.532550034472337
15.652229070663452,14.267718000000002,2.5148504560002816
15.652229070663452,3.048018000000013,2.496225393639669
15.667859077453612,10.258545000000026,2.47668754409813
15.667859077453612,6.286771000000016,2.4562512783454
15.66850996017456,19.71675200000001,2.4349235966706613
15.66850996017456,16.369542000000024,2.412711009707771
15.682168960571287,13.362662,2.389636190931611
15.682168960571287,3.508026000000001,2.365723000103101
15.697863101959229,7.337683000000027,2.3409941931715417
15.697863101959229,5.546271000000019,2.315474194578335
15.698703050613403,4.151288000000022,2.289170120418192
15.698703050613403,-2.184101999999996,2.2620824713715906
15.712265014648438,9.652681,2.2342259492105336
15.712265014648438,12.895175000000023,2.205614149492005
15.727957010269163,-5.938961999999975,2.1762527600009958
15.727957010269163,-5.224640999999991,2.146152688973644
15.728868007659912,-15.595382999999998,2.115315740070969
15.728868007659912,-9.671381999999994,2.08374569177948
15.74223804473877,-26.975898999999984,2.0514800873178083
15.74223804473877,-12.360369999999987,2.018565440107631
15.758007049560549,19.088449000000026,1.9850453399249368
15.758007049560549,26.39995300000001,1.9509685200223568
15.758960962295532,16.062870000000004,1.9163703414681863
15.758960962295532,8.336237000000011,1.8812809289676529
15.772324085235596,14.450973000000005,1.8457451351225915
15.772324085235596,14.103162000000026,1.8098066138837643
15.787905931472778,6.481246000000027,1.7734994381093765
15.787905931472778,-2.591750999999988,1.7368595071157462
15.788763999938965,6.462547000000001,1.699911892816743
15.788763999938965,1.5969370000000254,1.662680053502188
15.802324056625366,4.779592000000008,1.625211192933492
15.802324056625366,-11.59368999999998,1.587553996819739
15.817922115325928,2.105563000000018,1.5497534747129025
15.817922115325928,4.667395000000028,1.511855628676469
15.818799018859863,-0.2206549999999936,1.4738818591660126
15.818799018859863,-0.9125359999999888,1.4358428778446848
15.832138061523438,3.713720000000024,1.397766481170476
15.832138061523438,1.821331000000015,1.3596771482384165
15.84805703163147,-7.434922,1.3215863585139755
15.84805703163147,-11.186040999999989,1.2835100441007985
15.848865032196043,-2.8236249999999927,1.2454507567624715
15.848865032196043,1.275305000000003,1.207410665965211
15.862140893936155,3.115336000000013,1.1694332840873225
15.862140893936155,-12.195813999999984,1.1315715784580482
15.878046035766602,2.6029700000000275,1.0938689170324198
15.878046035766602,3.4294880000000205,1.0563733786763736
15.878886938095093,5.198460000000011,1.0191162627302424
15.878886938095093,-9.185194999999991,0.9821186557386964
15.89230489730835,4.775852000000015,0.9454238641502304
15.89230489730835,-2.591750999999988,0.9090706753054946
15.907908916473389,0.6320430000000101,0.8730722639355113
15.907908916473389,-9.241292999999985,0.8374420292174478
15.908814907073976,-0.0523589999999956,0.8021726377606108
15.908814907073976,0.7928580000000238,0.767252415856403
15.922270059585571,-2.8198849999999998,0.7327175662058467
15.922270059585571,-20.378714999999985,0.6986077948924829
15.93804693222046,-18.04127799999999,0.6649543007120088
15.93804693222046,1.0209920000000068,0.6317915679687929
15.938561916351318,-5.890342999999973,0.5991067449414126
15.938561916351318,-11.642308999999983,0.5668669654977796
15.952434062957764,-1.7390539999999817,0.5350787806594631
15.952434062957764,-5.13114299999998,0.5037441448064862
15.967902898788452,-0.7741599999999949,0.4728383082063175
15.967902898788452,-17.69720699999999,0.4423491237798114
15.96862292289734,-7.565817999999979,0.4122365675796699
15.96862292289734,-3.7810389999999927,0.3824643926638335
15.982465028762816,-8.399815999999987,0.3530921975516868
15.982465028762816,-19.948626999999988,0.324203014387673
15.99803900718689,-11.481493,0.295870492824179
15.99803900718689,-8.418514999999985,0.2681812462798238
15.998968124389648,-8.766325999999992,0.2411777621497406
15.998968124389648,-21.42588699999999,0.2148849711489571
16.012367963790894,-6.915074999999973,0.1893698775153837
16.012367963790894,-6.948734999999999,0.1646935392075809
16.030960083007812,-3.2686729999999784,0.1408899019709604
16.030960083007812,-14.507071999999994,0.1179985171625961
16.031054973602295,0.8526970000000063,0.0960206699420323
16.031054973602295,2.5580910000000188,0.074950972732401
16.04238796234131,2.2888180000000204,0.0548588724298835
16.04238796234131,-11.174821999999978,0.0358160984761193
16.05766010284424,5.295698000000016,0.0178808243761059
16.05766010284424,3.594043000000028,0.0011128335264051
16.073156118392944,3.90071500000002,-0.0145117182715238
16.073156118392944,-1.8774299999999755,-0.0290549137223922
16.07359290122986,5.037645000000026,-0.0425216820904188
16.07359290122986,11.249619000000024,-0.0549289836817852
16.08801794052124,16.148888,-0.0663443686952122
16.08801794052124,4.888049000000024,-0.0768225779049696
16.08868908882141,12.091096000000022,-0.0864597539812892
16.08868908882141,8.059484000000026,-0.0953552153914712
16.103035926818848,11.249619000000024,-0.1034684981688355
16.103035926818848,-0.5161069999999768,-0.1107236212039739
16.103655099868774,2.1074330000000145,-0.1170879278461006
16.117290019989014,7.339553000000023,-0.122513546251233
16.117290019989014,5.723916000000003,-0.1269884178149923
16.132925987243652,-1.3332749999999862,-0.1305341728037422
16.132925987243652,9.15340500000002,-0.1331008366968039
16.133562088012695,13.768441000000024,-0.1346510034961822
16.133562088012695,13.196237000000025,-0.1352574438270711
16.14730191230774,7.294674000000015,-0.1350038844143601
16.14730191230774,13.091519000000003,-0.1340175797156015
16.162872076034546,9.893905000000018,-0.1324418652895988
16.162872076034546,11.62173900000002,-0.1302842788461561
16.1636381149292,0.4057790000000238,-0.1275335143343986
16.1636381149292,9.901385000000005,-0.1242178165917646
16.177258014678955,18.267541000000023,-0.1203534770282145
16.177258014678955,6.150265000000019,-0.1160500218842911
16.192934036254883,-0.3721209999999928,-0.1114632659691661
16.192934036254883,14.995128000000022,-0.106639630958649
16.19360899925232,17.508341,-0.1016300578739508
16.19360899925232,4.508449000000013,-0.096578084009866
16.207454919815063,-10.432450999999986,-0.0915974953535114
16.207454919815063,7.309634000000017,-0.0868536978624617
16.2229220867157,10.458630000000028,-0.0825007880736553
16.2229220867157,6.449457000000024,-0.0784377950398118
16.223562002182007,1.1462790000000211,-0.0744889554488895
16.223562002182007,1.9989760000000276,-0.070521645904215
16.237428903579712,6.655152000000015,-0.0663658995335294
16.237428903579712,-4.949757999999974,-0.0619168092904181
16.252886056900024,3.996083000000027,-0.0571078064061474
16.252886056900024,24.67398900000001,-0.0517657454764995
16.253616094589233,5.690257000000003,-0.0457233865576722
16.253616094589233,5.46212300000002,-0.0389263905777956
16.267254114151,-0.8470879999999852,-0.0313256154375541
16.267254114151,8.01273500000002,-0.022917430050383
16.282849073410034,20.97896800000001,-0.0137138022153449
16.282849073410034,1.8606000000000047,-0.0035816178885758
16.283600091934204,4.9572370000000205,0.007632180595349
16.283600091934204,7.171258000000023,0.0200369835518339
16.297430992126465,10.391312000000028,0.0337494253663467
16.297430992126465,10.387572000000006,0.0487870856045895
16.312957048416138,1.2435159999999996,0.0651147243008485
16.312957048416138,10.002362000000003,0.0827915371368921
16.313627004623413,10.17813700000002,0.101863213086702
16.313627004623413,9.48999600000002,0.1222789864821394
16.327378034591675,0.7947280000000205,0.1440036275466596
16.327378034591675,6.651412000000022,0.1669458499443248
16.34308099746704,16.86507800000001,0.1910085368541257
16.34308099746704,9.628372000000011,0.2163123595973196
16.343688011169434,5.809934000000027,0.2430334290462574
16.343688011169434,12.01442800000001,0.271276025457781
16.357489109039307,14.875452000000024,0.3011658374829575
16.357489109039307,4.57202700000002,0.3327721196636116
16.372940063476562,-2.7132979999999804,0.3661091350292584
16.372940063476562,9.164624000000003,0.4012995164912722
16.373764038085938,8.970150000000018,0.438441845636167
16.373764038085938,10.230496000000016,0.477459502946293
16.387342929840088,3.966163000000023,0.5182544181578576
16.387342929840088,10.49602900000002,0.560650785163165
16.402869939804077,8.584940000000017,0.6044436702780686
16.402869939804077,9.23942200000002,0.6496367307079556
16.403718948364258,3.0461480000000165,0.6962543233938598
16.403718948364258,3.3416,0.7442647097221763
16.417179107666016,5.794975000000022,0.7936473426217366
16.417179107666016,-2.0251559999999813,0.8442084980104827
16.43293309211731,-10.739122999999978,0.8956767385715177
16.43293309211731,2.163532000000004,0.9479359807195108
16.43367600440979,11.797514000000008,1.0008524634146776
16.43367600440979,9.75926800000002,1.054182229993632
16.447227001190186,1.856860000000012,1.1077287401553482
16.447227001190186,3.954944000000012,1.1611839641931765
16.462903022766113,4.624386000000015,1.2142574305546812
16.462903022766113,8.132412000000016,1.2670345495639077
16.463627099990845,-4.227956999999975,1.3196893608593208
16.463627099990845,14.250888000000003,1.3723801695416622
16.477142095565796,4.265355,1.4253159556451085
16.477142095565796,4.239176000000015,1.4785056065804036
16.49296808242798,0.6974910000000136,1.5318947825636458
16.49296808242798,4.456090000000017,1.585579868360852
16.493649005889893,3.042408000000023,1.6396356390024245
16.493649005889893,6.857106000000016,1.6940976598649145
16.507209062576294,0.4656170000000088,1.7490356541270795
16.507209062576294,0.5778140000000178,1.804359962748745
16.522895097732544,8.577460000000002,1.8599688045791083
16.522895097732544,8.233389000000017,1.9160007903321852
16.523648023605347,-11.333766999999996,1.9725943350071604
16.523648023605347,0.2599230000000148,2.029904936731848
16.537301063537598,0.944324000000023,2.08805093112359
16.537301063537598,9.463816000000008,2.1468423014399765
16.552908897399902,-15.073667,2.205980179720812
16.552908897399902,-5.521963,2.265097966003032
16.55361795425415,9.70317,2.3238270022325858
16.55361795425415,4.444871000000006,2.3819058813364045
16.567166090011597,-4.310234999999977,2.438955730117764
16.567166090011597,-1.5202699999999822,2.4949112371081448
16.582937955856323,5.346187000000015,2.549880578903168
16.582937955856323,15.70196900000002,2.6030486154630155
16.583664894104004,-9.93130499999998,2.653671455124443
16.583664894104004,-8.308187999999973,2.701880594933328
16.597175121307373,8.592420000000004,2.747313250751793
16.597175121307373,-0.9555449999999724,2.790775469703411
16.629493951797485,-2.39540599999998,2.8343428250590885
16.629493951797485,2.047595000000001,2.875698908073756
16.630113124847412,2.75817600000002,2.9123714025532457
16.630113124847412,-10.417491999999982,2.948042780051263
16.630767107009888,-10.477329999999997,2.98498413858106
16.630767107009888,-0.1888649999999927,3.0264828570432587
16.631479024887085,-1.5427089999999737,3.0779461752674315
16.631479024887085,0.7535890000000052,3.129695916085721
16.642301082611084,-6.696290999999974,3.166300404132978
16.642301082611084,-8.775675999999976,3.190450523298457
16.65733003616333,2.047595000000001,3.203876943744392
16.65733003616333,-3.128426999999988,3.195577742702681
16.673048973083496,-0.8844869999999787,3.1671061875300404
16.673048973083496,-1.224817999999999,3.1028348640732424
16.67359209060669,4.00730200000001,2.9760785710331525
16.67359209060669,9.957483000000025,2.841306813827562
16.687318086624146,-1.097660999999988,2.7628748036744084
16.687318086624146,5.507002,2.7237366133885903
16.719311952590942,7.152558000000028,2.7414307260973105
16.719311952590942,-0.9218859999999722,2.793596720338189
16.720135927200317,-11.498323,2.7993002066198844
16.720135927200317,12.10792600000002,2.9520605923080305
16.72074294090271,12.863385000000022,3.39318990129312
16.72074294090271,6.73742900000002,3.953345614943387
16.721508026123047,-1.826941999999974,4.517736775651708
16.721508026123047,1.2248170000000016,4.576111832768615
16.732261896133423,4.347633000000002,3.655780844807864
16.732261896133423,-5.884732999999983,2.147003626672573
16.74715304374695,-18.57795299999998,0.5012586757694163
16.74715304374695,-19.04918099999999,-0.5460434938049784
16.762985944747925,-15.844086999999972,-0.2490405649818145
16.762985944747925,-16.408811999999983,0.97558847638552
16.76367211341858,-3.457538,2.5085468658844245
16.76367211341858,29.094551000000024,3.713269667453181
16.777300119400024,32.13509000000002,3.902966755049268
16.777300119400024,27.460215000000005,3.332830372882242
16.792925119400024,21.450196000000005,2.4895218518226154
16.792925119400024,8.809334000000007,1.6937905317606048
16.793637990951538,16.352712000000025,1.3125519407364816
16.793637990951538,8.016475000000014,1.2505190731852327
16.807244062423706,4.183078000000023,1.2670127155529756
16.807244062423706,-3.678191999999996,1.281326128118543
16.823065996170044,0.8171680000000094,1.196142425658013
16.823065996170044,9.16088400000001,1.0413437369152163
16.82370901107788,-5.361146999999988,0.8999070633103586
16.82370901107788,-7.317114999999973,0.7853271516641045
16.83730912208557,10.89993800000002,0.7103443622405847
16.83730912208557,6.464417000000026,0.6624843934399116
16.852957010269165,5.88099200000002,0.6151774449267915
16.852957010269165,4.063401000000027,0.556797584434392
16.85370111465454,-5.720176999999978,0.4764457803002546
16.85370111465454,3.1134660000000167,0.3769635227109629
16.86715602874756,-2.5263029999999844,0.2675521792446508
16.86715602874756,-3.610873999999996,0.1514969245539056
16.88292098045349,-2.6384999999999934,0.0333015787558356
16.88292098045349,-7.904278999999974,-0.0849526650845077
16.883771896362305,-11.311327999999977,-0.2034640765831646
16.883771896362305,2.3093880000000127,-0.3177905123561803
16.897167921066284,-5.544401999999991,-0.4235395390556669
16.897167921066284,-5.536921999999976,-0.5219020668977876
16.912918090820312,-9.733089999999976,-0.614988902116749
16.912918090820312,-1.834420999999992,-0.704943467865403
16.913650035858154,-6.221323999999981,-0.7945414864611994
16.913650035858154,-0.2636629999999798,-0.8835230650264374
16.92728590965271,-11.782554999999974,-0.9705994753621606
16.92728590965271,-15.443917,-1.0561833985207958
16.942920923233032,-2.3093889999999817,-1.1405001524003495
16.942920923233032,-2.4627249999999776,-1.2230569361039114
16.943655014038086,-11.861092999999984,-1.303435676597258
16.943655014038086,-10.38383299999998,-1.380600635919427
16.95733094215393,-3.072327999999999,-1.453356617710449
16.95733094215393,-7.234836999999999,-1.5216333068064527
16.97291111946106,-15.776767999999976,-1.5855551590062409
16.97291111946106,-11.367425999999996,-1.64493380841282
16.973674058914185,-14.105032999999992,-1.6996672397451529
16.973674058914185,-14.56504099999998,-1.7492146787677834
16.98737907409668,-17.889811999999992,-1.79281963191155
16.98737907409668,-15.537414999999982,-1.8302434111567452
17.003001928329468,-13.779661999999972,-1.8612448443760927
17.003001928329468,-23.05835399999998,-1.885195074632636
17.003772020339966,-31.95557599999998,-1.9015849574399155
17.003772020339966,-17.048333999999983,-1.9097187777564175
17.017239093780518,-12.395898999999986,-1.9089477523078564
17.017239093780518,-14.606179999999997,-1.899609964677778
17.03290891647339,-31.35345199999999,-1.8823385976223208
17.03290891647339,-26.57759999999999,-1.8576042471035468
17.0336971282959,-11.517021999999995,-1.8260263579829048
17.0336971282959,-10.510988999999997,-1.7879884328992977
17.04746389389038,-25.111558999999986,-1.7437365684913675
17.04746389389038,-18.454536999999988,-1.6939256386401649
17.063029050827026,-10.705463999999978,-1.639196020441288
17.063029050827026,-3.4837169999999844,-1.5797693452188215
17.06374502182007,-12.642731999999995,-1.5158525464637915
17.06374502182007,-11.146772,-1.4474913626327186
17.077243089675903,1.7745820000000094,-1.374680350639962
17.077243089675903,-1.3108349999999973,-1.2979563003526713
17.092926025390625,-8.697137999999995,-1.217936088578368
17.092926025390625,8.386725000000013,-1.135086580202979
17.093687057495117,0.8022080000000074,-1.0499051740197818
17.093687057495117,-4.732844,-0.9625275685144276
17.108412981033325,2.137352000000021,-0.8729044818318158
17.108412981033325,2.0812540000000013,-0.7813227940034286
17.10859489440918,7.889318000000003,-0.6880262767186367
17.122283935546875,-0.2449639999999817,-0.5929388794977596
17.122283935546875,-4.366333999999995,-0.4960460506613394
17.140708923339844,4.852520000000027,-0.3971425203523804
17.140708923339844,4.1157590000000255,-0.2960089453113643
17.140722036361694,6.262462000000028,-0.1931803920633969
17.140722036361694,4.500969000000026,-0.0893898117512501
17.152332067489624,5.200330000000008,0.0148700992418218
17.152332067489624,1.6960440000000006,0.1190272391053583
17.18441390991211,5.039515000000023,0.2226893714300169
17.18441390991211,-5.320007999999973,0.3256443058665543
17.185049057006836,-6.33352099999999,0.4273101451798761
17.185049057006836,1.8792990000000032,0.527177049407315
17.185851097106934,3.042408000000023,0.6253282513466102
17.185851097106934,3.4500570000000157,0.7219197677091209
17.186491012573242,7.556467000000026,0.8173412344868061
17.186491012573242,12.384678000000008,0.912076188252124
17.197274923324585,5.121793000000025,1.0059266393066717
17.197274923324585,-4.553328999999991,1.098614200814043
17.21238112449646,5.2564290000000256,1.1900595967015226
17.21238112449646,8.506402000000008,1.2801405236592347
17.227967977523804,3.8464870000000246,1.3692476531997118
17.227967977523804,-8.353066999999982,1.4580142316331308
17.22871494293213,-0.667572999999976,1.546560452995073
17.22871494293213,8.282008000000019,1.6350534915377346
17.242270946502686,1.639946000000009,1.724060286213881
17.242270946502686,-7.324594999999988,1.8140017611933363
17.274285078048706,-6.935644999999994,1.9056278082264693
17.274285078048706,-2.870373999999998,1.999636330316552
17.275044918060303,-3.809089,2.0954965131602754
17.275044918060303,-5.963270999999992,2.1923703269026102
17.275753021240234,4.994636000000014,2.289527555773807
17.275753021240234,-1.307095999999973,2.386070383152471
17.27652096748352,2.8666330000000078,2.4816613346368674
17.27652096748352,-5.409765999999991,2.5761718534390416
17.28734803199768,1.5576680000000067,2.66896003465819
17.28734803199768,11.101893000000018,2.759449916812876
17.30224609375,-1.0228629999999723,2.847344244477889
17.30224609375,-16.83141999999998,2.9322676914709054
17.320466995239258,-6.187664999999981,3.014310124539352
17.320466995239258,6.513035000000002,3.0936279215099343
17.320558071136475,5.050734000000006,3.169517488236927
17.320558071136475,-6.281161999999995,3.241262135757144
17.33224105834961,4.4897490000000175,3.3082386030344964
17.33224105834961,11.330026000000004,3.3698156190508306
17.347896099090576,9.568534,3.4264048540170866
17.347896099090576,-5.331227999999982,3.478846167438529
17.348724126815796,-2.4477649999999755,3.5274029840242465
17.348724126815796,10.316514000000012,3.572484921170557
17.36251211166382,9.183324000000027,3.614872841326655
17.36251211166382,-4.149418999999995,3.655182148261985
17.377928018569946,5.768795000000011,3.6945287728626095
17.377928018569946,15.645871,3.734041416988048
17.378705978393555,3.663232000000022,3.773457693957901
17.378705978393555,3.603393000000011,3.812194246133533
17.39230489730835,14.703416000000004,3.849964735667799
17.39230489730835,13.633805000000024,3.8863227914005543
17.40789008140564,3.8390070000000094,3.921362888938633
17.40789008140564,-3.887625999999983,3.9554963803219794
17.408894062042236,11.595559000000009,3.988444048189045
17.408894062042236,26.61873700000001,4.020046155876905
17.422308921813965,12.631512000000017,4.050915126507619
17.422308921813965,16.367672000000027,4.081664863912855
17.43794012069702,14.254628000000023,4.113457132295126
17.43794012069702,6.756129000000016,4.147563672478374
17.438703060150146,2.855413000000027,4.18391695941264
17.438703060150146,4.751542000000001,4.222321627089129
17.452255964279175,16.21059600000001,4.262790590400348
17.452255964279175,17.740215000000006,4.305226978769114
17.467912912368774,9.475036000000015,4.350769212551376
17.467912912368774,3.7118500000000263,4.401044013204892
17.46859908103943,6.150265000000019,4.456641110011835
17.46859908103943,13.85445900000002,4.518234894783675
17.482295036315918,12.294921000000016,4.587075365786535
17.482295036315918,-3.199484999999981,4.6640390926298165
17.49794912338257,8.326887000000028,4.750694518383736
17.49794912338257,13.74226200000001,4.848448093682945
17.49874997138977,6.894505000000009,4.956267649394862
17.49874997138977,-4.239176999999984,5.072499720441557
17.51236391067505,3.098507000000012,5.19554987102787
17.51236391067505,20.429203,5.323455946095959
17.527944087982178,19.928056000000023,5.45541924925576
17.527944087982178,11.27018800000002,5.590982245363184
17.529263973236084,7.361993000000012,5.72873352058189
17.529263973236084,16.60702500000002,5.867343794108743
17.55877995491028,4.811381000000012,6.005697330189595
17.55877995491028,-0.8246479999999963,6.142452923145385
17.55934190750122,15.29806000000002,6.27714225499457
17.55934190750122,15.802947000000016,6.409340356114231
17.560142040252686,6.722470000000016,6.537215548854103
17.560142040252686,7.126379000000014,6.658972351085003
17.57231593132019,12.530534000000015,6.772674457368718
17.57231593132019,15.313020000000025,6.876400930150319
17.58795189857483,15.814166,6.970322159153913
17.58795189857483,10.79896100000002,7.055266708516695
17.588820934295654,3.962424000000027,7.131403957345031
17.588820934295654,11.991989000000018,7.1991953621838105
17.602288007736206,8.996329000000003,7.258831383674818
17.602288007736206,-0.0093499999999835,7.31013042779392
17.61796808242798,8.611119000000002,7.353985435057174
17.61796808242798,17.186710000000005,7.391201271088687
17.618860006332397,2.717037000000005,7.421029717257522
17.618860006332397,3.738030000000009,7.442607673287876
17.63230299949646,-4.598206999999974,7.45456979299015
17.63230299949646,6.195144000000028,7.455371816593844
17.64800190925598,5.230250000000012,7.44540788490512
17.64800190925598,-1.153759999999977,7.425375538690355
17.6487979888916,4.523409000000015,7.395416595143216
17.6487979888916,11.677837000000013,7.355892621976651
17.66230607032776,17.901031000000017,7.305876560879243
17.66230607032776,19.84951900000001,7.243810215795036
17.67792797088623,14.396744000000012,7.169834629388152
17.67792797088623,18.432096,7.08393565034608
17.67880606651306,10.342693000000024,6.984744983144435
17.67880606651306,-9.549834999999971,6.871379695115594
17.692261934280396,6.180184000000025,6.741555897176165
17.692261934280396,6.976783000000012,6.593141809604989
17.70800495147705,9.65829100000002,6.428337648918994
17.70800495147705,-9.078607999999974,6.250114528395044
17.708770990371704,-1.643685999999974,6.06140426802079
17.708770990371704,10.223016,5.865664467104594
17.738724946975708,-2.597360999999978,5.662958236894425
17.738724946975708,-10.896198999999996,5.452370735401511
17.739344120025635,-9.029989,5.23520922892904
17.739344120025635,-5.832373999999987,5.012061863151075
17.74012303352356,-1.8456410000000003,4.783589399473552
17.74012303352356,-9.561054999999982,4.551363806998527
17.75248908996582,-17.613058999999993,4.312470812837138
17.75248908996582,-32.67363599999999,4.064044752119603
17.767977952957153,-31.37589099999998,3.808892450797453
17.767977952957153,-40.59848399999999,3.549060181344074
17.76876711845398,-19.53536799999999,3.2893640325485345
17.76876711845398,7.575167000000022,3.0344993323974343
17.7823269367218,23.806333000000024,2.7771240430312614
17.7823269367218,16.633205000000004,2.507518621845149
17.797964096069336,16.307833000000016,2.217790176005975
17.797964096069336,10.499769000000017,1.898698038347113
17.798639059066772,-1.770842999999985,1.5488365825044537
17.798639059066772,-7.384432999999973,1.1700293453636492
17.81227397918701,-2.3991459999999734,0.7569465033667419
17.81227397918701,-2.0401159999999834,0.3066014163519068
17.827970027923584,7.870619000000005,-0.1797463716073468
17.827970027923584,-10.357653,-0.7024538115479577
17.82866907119751,-4.23543699999999,-1.2491727328879652
17.82866907119751,15.477576000000028,-1.8068403528627817
17.84239101409912,-1.8456410000000003,-2.381646118049912
17.84239101409912,-6.303601999999984,-2.978462555708131
17.8579580783844,-6.004409999999979,-3.6067120520235134
17.8579580783844,5.637899000000004,-4.275970224318796
17.85866403579712,5.731396000000018,-4.962234570969372
17.85866403579712,-9.116006999999996,-5.633182149993682
17.87228298187256,8.824293000000011,-6.26678860221258
17.87228298187256,2.200931000000025,-6.837085482976943
17.887939929962158,7.822000000000003,-7.330947856418279
17.887939929962158,-11.049534999999992,-7.744446485292988
17.88866090774536,-1.363193999999993,-8.052082786987143
17.88866090774536,6.023108000000008,-8.234000096780628
17.902365922927856,-1.0565219999999726,-8.296553067629997
17.902365922927856,-14.004055999999991,-8.245603308007258
17.91798496246338,-11.584340999999997,-8.114267919740032
17.91798496246338,-5.263909999999981,-7.93967220225618
17.918800115585327,-2.0401159999999834,-7.704136410003803
17.918800115585327,-9.194544999999977,-7.388778579007349
17.932281017303467,-4.429911999999973,-6.975532324587669
17.932281017303467,-3.21070499999999,-6.443854340338069
17.947973012924194,-6.531735999999995,-5.843323928748777
17.947973012924194,-13.914297999999974,-5.2459923685139085
17.948774099349976,-7.911758999999989,-4.685623868389
17.948774099349976,-6.636452999999989,-4.2034941851902
17.96225595474243,-5.09187399999999,-3.8419865684790544
17.96225595474243,-14.546340999999984,-3.623721276953519
17.97799801826477,-8.678438,-3.6163604314911058
17.97799801826477,-4.45983099999998,-3.8775070379566903
17.978694915771484,-13.401931999999988,-4.369893949164855
17.978694915771484,-26.25970799999999,-5.042076948275731
17.992324113845825,-7.418091999999973,-5.811984607919121
17.992324113845825,-7.69858499999998,-6.583933687955842
18.02447009086609,-10.68676499999998,-7.362903473603027
18.02447009086609,-18.08054699999998,-8.166239276898596
18.02516889572144,-15.18586399999998,-8.983573227543266
18.02516889572144,-15.485055999999986,-9.811487350925402
18.025734901428223,-15.021308999999974,-10.569408148187952
18.025734901428223,-24.030727999999986,-11.142793664092183
18.02649712562561,-10.294074999999992,-11.492942298310403
18.02649712562561,-5.952050999999983,-11.575077170576714
18.037326097488403,-12.078006999999984,-11.294716898032643
18.037326097488403,-29.573258999999997,-10.58238766266951
18.05228900909424,-16.91743799999999,-9.31623942308298
18.05228900909424,-10.271635999999972,-7.386652169564737
18.067912101745605,-7.302154999999999,-4.865703693844833
18.067912101745605,-10.365132999999986,-1.8688673655737869
18.068615913391117,-5.061954999999983,1.4843915331704634
18.068615913391117,4.897399000000007,5.04861026597885
18.082295894622803,12.829726000000022,8.782228048195215
18.082295894622803,8.708357000000007,12.669212789433836
18.097925901412964,18.162824,16.628279877706504
18.097925901412964,35.972227000000004,20.585980336067177
18.098798990249637,36.484594000000016,24.456569435556915
18.098798990249637,31.024340000000024,28.131033531599037
18.112963914871216,43.80731800000001,31.577091980049502
18.112963914871216,57.140061,34.76448350713271
18.11364197731018,66.18126900000001,37.567383085977006
18.12723994255066,58.91464400000001,39.87166035184792
18.12723994255066,59.79352,41.54007561542897
18.142954111099243,67.53885300000002,42.44307035967931
18.142954111099243,72.09031100000001,42.6307627363782
18.14360499382019,56.33037300000001,42.20757863963505
18.14360499382019,66.71233500000002,41.24822797033847
18.15728497505188,61.850465000000014,39.85292876599217
18.15728497505188,65.41833000000003,38.075801290476
18.173238039016724,57.826333000000005,35.946765649191406
18.173238039016724,55.511335,33.563951007756614
18.17362904548645,55.874105000000014,31.02234898967459
18.17362904548645,47.84454000000002,28.35430903268474
18.187259912490845,31.912566000000027,25.58994248087458
18.187259912490845,29.361954000000026,22.728818535149237
18.20299196243286,37.73933000000002,19.762504967638154
18.20299196243286,19.593335000000025,16.763849880157654
18.20374608039856,18.486325000000026,13.813950724075582
18.20374608039856,12.506225,10.980412768155295
18.21729111671448,18.516244,8.330816820054064
18.21729111671448,6.395228000000003,5.861509242808395
18.232949018478397,-5.950180999999986,3.5410702906808105
18.232949018478397,3.747379000000024,1.3679908135602832
18.233645915985107,0.0336590000000001,-0.6685185879634585
18.233645915985107,-1.5670189999999875,-2.588354595016748
18.24725699424744,-7.330203999999981,-4.40268761147634
18.24725699424744,-2.2813389999999742,-6.15003468559762
18.26296305656433,3.769819000000013,-7.869447818096822
18.26296305656433,3.485586000000012,-9.543026763182862
18.26367211341858,-10.408141999999998,-11.14045529033362
18.26367211341858,-6.597183999999999,-12.638182722060993
18.277318000793457,-12.274351999999991,-14.007042110606504
18.277318000793457,-7.158168999999987,-15.242393963691192
18.29296898841858,-14.12934199999998,-16.350025110281667
18.29296898841858,-6.3952290000000005,-17.31849509042314
18.293636083602905,2.1467020000000048,-18.138352405690043
18.293636083602905,-7.580777999999981,-18.81337051557001
18.307322025299072,-18.17591399999999,-19.348596523645195
18.307322025299072,-8.646648999999996,-19.75423845656901
18.32296109199524,-9.39462899999998,-20.04308988430552
18.32296109199524,-9.29365199999998,-20.215920393001863
18.323647022247314,-22.921846999999985,-20.27127748750261
18.323647022247314,-12.225732999999993,-20.21301940260372
18.337294101715088,-12.678260999999992,-20.0448002181916
18.337294101715088,-6.881415999999973,-19.773485692608837
18.352998971939087,-16.343362999999982,-19.40860771918766
18.352998971939087,-12.715659999999986,-18.95557450632976
18.353734016418457,-14.436014,-18.42003296772669
18.353734016418457,-17.772004999999993,-17.81361282816435
18.3678719997406,-20.060823999999982,-17.14821204170815
18.3678719997406,-19.002431999999985,-16.4354142401454
18.383009910583496,-12.898914999999988,-15.687446364645597
18.383009910583496,-22.49549899999998,-14.90998987911293
18.383677005767822,-24.556183999999988,-14.105550814825662
18.383677005767822,-22.87322899999998,-13.282420278088024
18.39727210998535,-18.160954999999987,-12.44817955492929
18.39727210998535,-14.914720999999986,-11.604178910886972
18.41298604011536,-29.694805999999986,-10.752720715579947
18.41298604011536,-12.86899599999998,-9.893608047433558
18.41369199752808,-8.399815999999987,-9.026040235938426
18.41369199752808,-10.299684999999982,-8.162575138937193
18.4273099899292,-23.97649899999999,-7.32003546998808
18.4273099899292,-13.216806999999989,-6.508134378071779
18.44298791885376,-4.270965999999987,-5.7376898349536845
18.44298791885376,-18.475105999999982,-5.0211070205627415
18.44367504119873,-25.55473699999999,-4.36734843844126
18.44367504119873,-21.485725999999985,-3.7912190750802015
18.457221031188965,3.698761000000019,-3.3063046301053847
18.457221031188965,-6.84401699999998,-2.9086735692645584
18.4742169380188,-16.874428999999992,-2.589762856657404
18.4742169380188,-7.154428999999993,-2.3418152456875245
18.474245071411133,-13.201846999999988,-2.154334679441184
18.474245071411133,-10.512858999999992,-2.0237916368812368
18.48730206489563,-21.478245999999984,-1.949052426808184
18.48730206489563,-16.833289999999977,-1.922134495536414
18.503003120422363,-10.516598999999983,-1.9353833516017476
18.503003120422363,-7.064670999999976,-1.9846758705150376
18.503691911697388,-11.646048999999977,-2.0650813356953965
18.503691911697388,-6.806617999999986,-2.175847221135045
18.51730799674988,-6.746779999999973,-2.316664921627274
18.51730799674988,-5.740746999999999,-2.478594571169641
18.532989025115967,-11.283278999999991,-2.65226201990232
18.532989025115967,-5.284478999999976,-2.828650007826286
18.53387212753296,-12.21451399999998,-2.998458296063676
18.53387212753296,-14.664147999999985,-3.16227343320587
18.547383069992065,-16.72483299999999,-3.324076938638838
18.547383069992065,-8.452173999999985,-3.482958319272844
18.563098907470703,-1.2192079999999803,-3.639564270347846
18.563098907470703,-23.778283999999985,-3.795171478349832
18.56375789642334,-16.818330999999972,-3.948686188612448
18.56375789642334,-17.57378999999999,-4.1063428539312445
18.57729411125183,-13.112089999999997,-4.274598011073162
18.57729411125183,-15.000738999999982,-4.445965814838979
18.593079090118408,-21.76995799999999,-4.6120925571065925
18.593079090118408,-14.544470999999987,-4.76558194030133
18.593756914138797,-10.019191999999975,-4.8963447257838215
18.593756914138797,-7.348903999999976,-5.009982197183846
18.607343912124637,-19.18942699999998,-5.118838178457456
18.607343912124637,-20.730265999999983,-5.216506839363736
18.623022079467773,3.0367980000000045,-5.297899603279766
18.623022079467773,-8.635428999999988,-5.373343763356358
18.623714923858643,-12.293051999999989,-5.443121736372318
18.623714923858643,2.1093030000000117,-5.523283607982147
18.63737297058105,1.481000000000023,-5.640177837745806
18.63737297058105,-6.757999999999981,-5.746797058784775
18.66934895515442,-10.62131599999998,-5.786991663477072
18.66934895515442,-1.481000999999992,-5.776488455681065
18.67017602920532,-3.926894999999973,-5.70106117106483
18.67017602920532,-5.490173999999996,-5.58200584768852
18.67090511322021,-7.79395199999999,-5.492013847785207
18.67090511322021,-10.093989999999993,-5.265151460917324
18.67159605026245,-2.4084959999999853,-4.780642754412269
18.67159605026245,-8.212820999999991,-4.187883249863814
18.682333946228027,-4.4804010000000005,-3.5889753163137663
18.682333946228027,-4.813251999999977,-3.427957945694016
18.697283029556274,3.829657000000026,-4.116395420018675
18.697283029556274,-8.945840999999973,-5.317282432408733
18.713041067123413,-23.071442999999988,-6.639616114934132
18.713041067123413,-35.03164299999999,-7.44821874264586
18.71372890472412,-35.99279799999999,-7.098412835112751
18.71372890472412,-29.16373999999999,-5.949479753000341
18.727277994155884,-32.42119299999999,-4.536106891734239
18.727277994155884,-5.591150999999996,-3.406580409096584
18.74297499656677,6.492466000000007,-3.1525387601360664
18.74297499656677,27.20777200000001,-3.5544321830776333
18.74377703666687,17.682247000000018,-4.193259410597768
18.74377703666687,11.070103000000016,-4.79312019030605
18.757339000701904,8.934621000000021,-5.038455874474489
18.757339000701904,-5.677168999999992,-5.011676017304274
18.77424693107605,-10.15008899999998,-4.920299504239833
18.77424693107605,-7.681754999999981,-4.834357054073344
18.774264097213745,6.331650000000025,-4.838124317261411
18.774264097213745,-11.017745999999988,-4.905674180334624
18.787319898605347,-6.623362999999984,-4.965218187872045
18.787319898605347,-6.215713999999991,-5.004710650428951
18.80302906036377,-0.4263489999999876,-5.012666105774727
18.80302906036377,-6.754259999999988,-4.999797093319258
18.803694009780884,-11.619869999999992,-4.98904647690134
18.803694009780884,1.2079870000000028,-4.9903060067480665
18.81725311279297,-4.708534999999984,-5.012848192769304
18.81725311279297,3.840877000000006,-5.053897101943632
18.833137035369877,-7.629395999999986,-5.105088301354895
18.833137035369877,0.9648940000000152,-5.16331949060856
18.833717107772827,3.4706270000000075,-5.224429734558293
18.833717107772827,-1.8923899999999776,-5.286218414078347
18.84739398956299,-3.4893269999999745,-5.348477834927115
18.84739398956299,-11.24588,-5.406977195071684
18.862993955612183,-13.501038999999992,-5.457541159804957
18.862993955612183,-3.1153369999999825,-5.501065065904489
18.8637170791626,-8.852343999999988,-5.539353665942819
18.8637170791626,2.359876000000014,-5.57415912878769
18.879417896270752,-8.706487999999979,-5.6078227636251246
18.879417896270752,-4.678614999999979,-5.640188114692853
18.893115997314453,-14.667887999999977,-5.670219897858432
18.893115997314453,-12.289311999999995,-5.698377123069873
18.89381098747253,7.577037000000018,-5.725009736395507
18.89381098747253,-3.3359909999999786,-5.749682234349755
18.907344102859497,-16.46678,-5.771937542291027
18.907344102859497,-1.746533999999997,-5.791066400477646
18.92301893234253,1.2603460000000268,-5.806225711491165
18.92301893234253,-11.915321999999977,-5.817242212136359
18.9236741065979,-12.15841499999999,-5.824175977212812
18.9236741065979,-10.726034,-5.826737268704534
18.93747091293335,-11.92280199999999,-5.824712956517639
18.93747091293335,-13.616975999999994,-5.818194096990073
18.953105926513672,-16.324663999999984,-5.807314254640616
18.953105926513672,-12.352889999999974,-5.792349834264815
18.953712940216064,-6.073597999999976,-5.773653890278496
18.953712940216064,-10.62131599999998,-5.751292892372352
18.967260122299194,-22.58899599999998,-5.725283918386262
18.967260122299194,-17.54761099999999,-5.695802888690217
18.9830961227417,-8.859822999999977,-5.663013861286363
18.9830961227417,-14.12934199999998,-5.627139009584905
18.9836950302124,-12.132235999999978,-5.588471915814161
18.9836950302124,-17.383054999999985,-5.547135432765555
18.997273921966556,-13.089649999999978,-5.503256673910444
18.997273921966556,-12.663301999999987,-5.457201052930288
19.01318597793579,-15.715059999999994,-5.409322154243453
19.01318597793579,-9.899515999999975,-5.360015077772793
19.01388907432556,-4.334544999999991,-5.309674398480096
19.01388907432556,-17.71216699999998,-5.258313159060837
19.02729201316833,-16.694913999999983,-5.20582008349863
19.02729201316833,-1.5071799999999769,-5.152207963577567
19.043039083480835,-4.039091999999982,-5.097441429667324
19.043039083480835,-2.86476399999998,-5.041503216829847
19.04385590553284,-7.225486999999987,-4.984436477497726
19.04385590553284,0.3141510000000096,-4.926132114797408
19.05730891227722,9.705040000000023,-4.866486307107429
19.05730891227722,6.234413000000018,-4.805670847648972
19.07311105728149,-3.126556999999991,-4.743910147279596
19.07311105728149,-4.338283999999987,-4.681420410833269
19.073708057403564,-0.2393539999999916,-4.618450520920503
19.073708057403564,-3.3397310000000004,-4.555089147900555
19.096493005752563,-10.449280999999983,-4.491371146163582
19.096493005752563,-5.303179,-4.427437341976685
19.102962970733643,-10.176267999999991,-4.363412186167707
19.102962970733643,9.043078000000008,-4.29938325410636
19.10387706756592,-5.740746999999999,-4.235458012684767
19.10387706756592,3.8333970000000193,-4.171650532086301
19.11815810203552,-1.933528999999993,-4.107966112971043
19.11815810203552,3.638922000000008,-4.044567786100605
19.11890292167664,-7.281585999999976,-3.981622050733527
19.13236689567566,3.6950210000000254,-3.9192941329010216
19.13236689567566,5.475213000000025,-3.857756092853009
19.14800500869751,-2.3561369999999897,-3.796985668369676
19.14800500869751,-3.332250999999985,-3.7368938749879472
19.148808002471924,4.390642000000014,-3.6774954942407145
19.148808002471924,8.418514000000016,-3.618784354428989
19.162333965301517,-0.6245639999999923,-3.5607320797261344
19.162333965301517,-10.662454999999994,-3.503355462139076
19.177999019622803,-2.251419999999996,-3.446567839596583
19.177999019622803,0.4637470000000121,-3.390298420405481
19.178858995437626,4.970327000000026,-3.334720670719012
19.178858995437626,-0.9387149999999737,-3.280055314411436
19.192394018173218,3.051758000000006,-3.226546913291292
19.192394018173218,6.484986000000021,-3.174472071247548
19.20804190635681,13.332743000000022,-3.1239266015839613
19.20804190635681,2.2663790000000006,-3.074966443066825
19.208914041519165,2.460854000000012,-3.027730899001713
19.208914041519165,17.992658000000006,-2.98234228936918
19.22236204147339,9.49560600000001,-2.938978592887977
19.22236204147339,1.0733510000000024,-2.897860113611112
19.2380850315094,1.8923890000000083,-2.859075056730011
19.2380850315094,4.274705000000012,-2.8227086560797803
19.238835096359253,-4.443001999999979,-2.788978715985639
19.238835096359253,-3.186394999999976,-2.758073316403777
19.252315998077396,5.262039000000016,-2.730227027122613
19.252315998077396,8.728926000000001,-2.7056572948640167
19.268009901046756,0.0186990000000264,-2.6842799256238177
19.268009901046756,-5.363016999999985,-2.665920041110982
19.268654108047485,-1.888649999999984,-2.650442719721722
19.268654108047485,3.859576000000004,-2.63766682392051
19.2822859287262,-0.0897579999999891,-2.627494680020753
19.2822859287262,2.932081000000011,-2.61986685079437
19.29805898666382,4.940407000000022,-2.614604568521925
19.29805898666382,12.872735000000006,-2.6115322511312518
19.29866194725037,4.054051000000015,-2.610568977010736
19.29866194725037,0.0486180000000047,-2.61163003137478
19.3123939037323,2.7114270000000147,-2.614687655913809
19.3123939037323,10.176267000000024,-2.619724293286541
19.327917098999023,8.351196000000016,-2.626571110042219
19.327917098999023,-5.389195999999998,-2.6350433710600867
19.328793048858643,5.748226000000017,-2.6449764920943943
19.328793048858643,7.625656000000021,-2.656201586588217
19.342416048049927,0.6432620000000213,-2.668685744617436
19.342416048049927,-2.9283419999999865,-2.6824485883446942
19.357949018478397,9.446987000000007,-2.69743889046248
19.357949018478397,8.104363000000006,-2.7136213945181886
19.35870099067688,12.244432000000018,-2.730989530948776
19.35870099067688,-4.92918899999998,-2.7495145723824845
19.37237310409546,3.564124000000021,-2.769227166637615
19.37237310409546,3.115336000000013,-2.7901566569790357
19.387943983078003,-4.07275199999998,-2.8121847695781503
19.387943983078003,7.823869999999999,-2.8351604532889527
19.388690948486328,10.961646000000002,-2.8589511365069917
19.388690948486328,5.355536000000001,-2.8834071466009483
19.40231394767761,5.781885000000017,-2.9084471153779874
19.40231394767761,-0.8564379999999971,-2.934019277828151
19.417963981628414,-8.586810999999983,-2.9600106233752106
19.417963981628414,8.01834500000001,-2.9863180277960426
19.418776988983154,8.339976000000007,-3.012885006315416
19.418776988983154,4.487879000000021,-3.039652041218241
19.43238091468811,-1.9821469999999977,-3.066608824770848
19.43238091468811,7.678014000000019,-3.093751570950261
19.448105096817017,-2.89842299999998,-3.120982575545552
19.448105096817017,-3.6950219999999945,-3.148194992931749
19.44881510734558,-0.7330209999999795,-3.175282666003884
19.44881510734558,1.0509110000000137,-3.202150155647381
19.46236300468445,-4.723493999999988,-3.2287849941123463
19.46236300468445,-15.913275,-3.255202103503747
19.477943897247314,-9.66390199999998,-3.2814514904165266
19.477943897247314,4.925448000000017,-3.307571882043936
19.478764057159424,-2.718907999999999,-3.333551702565533
19.478764057159424,-4.282185999999996,-3.359433258743438
19.492264986038208,-3.1976149999999848,-3.385099482264847
19.492264986038208,0.2842320000000029,-3.410342442951151
19.507976055145264,-3.971773999999982,-3.4353948376702688
19.507976055145264,-20.760184999999996,-3.460459718839357
19.508780002593998,-16.268564999999995,-3.485298021191112
19.508780002593998,2.636629000000028,-3.50990060700721
19.52228093147278,-4.091450999999978,-3.533743820898796
19.52228093147278,-19.152027999999987,-3.5557023033359125
19.538154125213623,-12.061177999999984,-3.57672246247992
19.538154125213623,-7.26288599999998,-3.5978220572945787
19.53883409500122,-0.7778999999999883,-3.6170599830488137
19.53883409500122,-12.408988999999991,-3.633136704951089
19.5522940158844,1.103270000000009,-3.6442942713032944
19.5522940158844,-0.7928589999999929,-3.647782151200458
19.56797194480896,-15.056838,-3.64794277337052
19.56797194480896,-6.55230499999999,-3.651829769747088
19.568828105926517,-2.666548999999975,-3.658015060012924
19.568828105926517,-0.9087959999999952,-3.665542869214751
19.582292079925537,-3.279892999999987,-3.679426437074772
19.582292079925537,-8.224039999999974,-3.6988327542977912
19.5980761051178,-4.562677999999977,-3.7310243195171617
19.5980761051178,4.947887000000009,-3.788434989108612
19.598849058151245,-12.487525999999974,-3.845591831328445
19.598849058151245,-1.798891999999995,-3.872440277175101
19.612283945083615,-8.104363999999975,-3.876839708725497
19.612283945083615,3.5566440000000057,-3.850558515069854
19.62804698944092,-4.327064999999976,-3.804165387367648
19.62804698944092,-12.708180999999996,-3.775586750161036
19.628829956054688,-9.873335999999997,-3.674865412688322
19.628829956054688,0.0560980000000199,-3.436401789528012
19.642245054244995,-8.362416999999994,-3.139268353653211
19.642245054244995,-9.170234999999993,-2.837100007512848
19.65798711776733,-9.476906999999985,-2.7678480975607185
19.65798711776733,-19.06227099999998,-3.151961657295237
19.658822059631348,-37.02500999999998,-3.807802525457727
19.658822059631348,-43.92512499999998,-4.525214153128313
19.67239999771118,-39.32878799999999,-4.9617141758937
19.67239999771118,-20.09074299999999,-4.769940301758833
19.68795394897461,1.062131000000022,-4.1442303516866055
19.68795394897461,2.4982530000000054,-3.373317957122601
19.688915967941284,20.677906000000007,-2.7539694553070486
19.688915967941284,20.042123000000004,-2.606345813921501
19.702315092086792,8.26517800000002,-2.8116389526086394
19.702315092086792,-8.478353999999996,-3.143157960548198
19.718043088912964,-10.55399799999998,-3.45155241642365
19.718043088912964,-1.0509119999999823,-3.5659445221452044
19.718964099884037,-2.920862,-3.5307728852226683
19.718964099884037,-8.175421999999998,-3.4582274055647724
19.73250699043274,-3.0891579999999976,-3.385911406745794
19.73250699043274,2.7525660000000016,-3.359166791243321
19.748114109039307,0.3141510000000096,-3.3641883387316964
19.748114109039307,-10.314644999999985,-3.362453493780594
19.748871088027958,5.31065700000002,-3.3478117872302016
19.748871088027958,8.717706000000021,-3.314478317225721
19.77897000312805,-0.6993619999999794,-3.268332752284097
19.77897000312805,-2.060684999999978,-3.2217996057046667
19.779419898986816,6.073597000000007,-3.180393824314488
19.779419898986816,3.5342050000000143,-3.149285348436971
19.7802050113678,7.771512000000001,-3.1272475344254165
19.7802050113678,-3.216313999999983,-3.1101155464579504
19.792457103729248,5.146102000000013,-3.096419679619812
19.792457103729248,13.785271000000025,-3.084123971862679
19.80804204940796,4.499099000000001,-3.072432061531132
19.80804204940796,-3.171436,-3.061613910807538
19.80898690223694,5.033905000000004,-3.049781282894505
19.80898690223694,-0.6582229999999925,-3.0350823567869987
19.82238912582397,7.393782000000016,-3.018127434261328
19.82238912582397,-7.973466999999999,-2.9999057559165734
19.838119983673096,0.8190380000000062,-2.9815281069764388
19.838119983673096,5.808064000000002,-2.964386544923575
19.839112043380737,-1.327664999999996,-2.9484091247572395
19.839112043380737,-3.8820169999999914,-2.933085746519635
19.869054079055783,-3.975513999999976,-2.918605251871937
19.869054079055783,2.857283000000024,-2.905082867974964
19.869421005249023,-7.678014999999988,-2.892562662926181
19.869421005249023,-2.83110499999998,-2.8811755400777983
19.87016010284424,4.147549000000026,-2.870766961179473
19.87016010284424,5.030165000000011,-2.861138942190581
19.88227605819702,-5.579930999999988,-2.852433634402184
19.88227605819702,-14.159261999999984,-2.844829222407835
19.898029088974,-3.5342059999999837,-2.838461381533015
19.898029088974,-3.930634999999995,-2.8334750382907634
19.89879894256592,-3.3397310000000004,-2.8298103638392247
19.89879894256592,-6.9786539999999775,-2.827338704632961
19.912457942962646,-9.660161999999984,-2.8259996924363566
19.912457942962646,-0.6993619999999794,-2.8257132008623262
19.92810797691345,-9.488126999999992,-2.8264225554299744
19.92810797691345,-14.58186999999998,-2.828093061819441
19.92899799346924,-5.037645999999995,-2.830629461690896
19.92899799346924,-10.209926999999992,-2.833936198897298
19.942589044570923,-10.168787999999978,-2.8379799808135706
19.942589044570923,-21.50816499999999,-2.842731288026609
19.95806312561035,-13.370142999999985,-2.8481764397610085
19.95806312561035,-4.027873,-2.8543081955871537
19.958844900131226,-11.298237999999998,-2.861052713904494
19.958844900131226,-11.69466799999998,-2.868324451593448
19.97234606742859,-6.941254999999984,-2.876056707345356
19.97234606742859,1.574497000000008,-2.884179178469072
19.98804712295532,-1.49969999999999,-2.892659431330568
19.98804712295532,-2.7824859999999774,-2.901484230775813
19.98890995979309,3.0293180000000177,-2.9106060599482886
19.98890995979309,4.525278000000014,-2.9199813193069017
